Energy (eV),Wavelength (nm),e1,e2,n,k
5.867289,211.341217,-2.973034,4.302556,1.062256,2.025197
5.82344,212.932571,-3.019459,4.427335,1.08155,2.046756
5.780241,214.523956,-3.06434,4.555178,1.10128,2.068129
5.737676,216.115387,-3.107565,4.686104,1.121448,2.089309
5.695733,217.706833,-3.149015,4.820128,1.142056,2.110286
5.654397,219.29834,-3.18857,4.957263,1.163103,2.131051
5.613657,220.889862,-3.226104,5.097515,1.18459,2.151594
5.573499,222.481415,-3.261486,5.24089,1.206519,2.171906
5.533911,224.072998,-3.294584,5.387387,1.228889,2.191974
5.49488,225.664627,-3.32526,5.537005,1.251702,2.211791
5.456395,227.256271,-3.353374,5.689733,1.274957,2.231343
5.418444,228.847977,-3.37878,5.845559,1.298656,2.250619
5.381018,230.439667,-3.401329,6.004457,1.322796,2.269608
5.344104,232.031418,-3.42087,6.166408,1.347379,2.288297
5.307692,233.623199,-3.437248,6.331374,1.372404,2.306673
5.271772,235.215012,-3.450304,6.49932,1.397869,2.324724
5.236335,236.806839,-3.459877,6.670192,1.423773,2.342436
5.201371,238.398712,-3.465804,6.843942,1.450113,2.359795
5.166869,239.990601,-3.467919,7.020502,1.476889,2.376788
5.132822,241.58252,-3.466054,7.199802,1.504096,2.393399
5.09922,243.174469,-3.460041,7.381762,1.531731,2.409614
5.066054,244.766434,-3.44971,7.566289,1.55979,2.425419
5.033317,246.358429,-3.43489,7.753285,1.588269,2.440797
5.000999,247.95047,-3.415412,7.942642,1.617163,2.455734
4.969093,249.542511,-3.391105,8.134233,1.646464,2.470213
4.937592,251.134598,-3.361803,8.327935,1.676168,2.484219
4.906486,252.726685,-3.327339,8.523598,1.706265,2.497735
4.87577,254.318817,-3.287548,8.721074,1.736749,2.510746
4.845435,255.910965,-3.242274,8.920194,1.76761,2.523236
4.815475,257.503143,-3.191357,9.120786,1.798838,2.535188
4.785883,259.095337,-3.13465,9.322657,1.830423,2.546586
4.756652,260.687561,-3.072007,9.525613,1.862353,2.557414
4.727775,262.279816,-3.003291,9.729438,1.894615,2.567656
4.699246,263.872101,-2.928371,9.933914,1.927197,2.577296
4.67106,265.464386,-2.847127,10.138803,1.960083,2.58632
4.643209,267.056702,-2.759448,10.343864,1.993259,2.594712
4.615688,268.649017,-2.665231,10.548841,2.026709,2.602456
4.588491,270.241364,-2.56439,10.753466,2.060414,2.60954
4.561612,271.83374,-2.456844,10.957471,2.094359,2.615948
4.535046,273.426117,-2.342533,11.160565,2.128524,2.621668
4.508787,275.018555,-2.221405,11.362466,2.162888,2.626688
4.48283,276.610992,-2.093427,11.562865,2.197432,2.630995
4.45717,278.20343,-1.958584,11.761458,2.232133,2.634578
4.431802,279.795898,-1.816869,11.957941,2.26697,2.637428
4.406721,281.388367,-1.668303,12.151992,2.30192,2.639534
4.381921,282.980896,-1.512916,12.343294,2.336959,2.640888
4.357399,284.573425,-1.350761,12.531528,2.372062,2.641484
4.33315,286.165955,-1.181912,12.716369,2.407204,2.641315
4.309169,287.758484,-1.006457,12.897498,2.442361,2.640375
4.285452,289.351044,-0.824508,13.074594,2.477504,2.638662
4.261994,290.943665,-0.636189,13.247347,2.512611,2.636172
4.238791,292.536224,-0.441657,13.415437,2.547651,2.632904
4.215839,294.128845,-0.241072,13.578568,2.582599,2.628857
4.193135,295.721497,-0.034626,13.736438,2.617428,2.624034
4.170673,297.314117,0.177474,13.88876,2.652109,2.618437
4.148451,298.906769,0.395008,14.035258,2.686617,2.612069
4.126463,300.499451,0.617735,14.175669,2.720924,2.604936
4.104708,302.092102,0.845394,14.309737,2.755003,2.597046
4.083181,303.684814,1.077716,14.437229,2.788827,2.588405
4.061878,305.277527,1.314409,14.55792,2.82237,2.579024
4.040796,306.870239,1.555175,14.67161,2.855607,2.568913
4.019931,308.462952,1.799698,14.77811,2.888511,2.558084
3.999282,310.055695,2.047655,14.877251,2.921058,2.546552
3.978842,311.648438,2.298714,14.968887,2.953225,2.534329
3.958611,313.24118,2.552531,15.052891,2.984988,2.521432
3.938584,314.833954,2.808764,15.129154,3.016325,2.507879
3.918759,316.426727,3.067054,15.197591,3.047215,2.493685
3.899132,318.019501,3.327046,15.258136,3.077637,2.478872
3.8797,319.612305,3.588388,15.310745,3.107573,2.463457
3.860462,321.205109,3.850718,15.355396,3.137003,2.447463
3.841413,322.797913,4.11368,15.392088,3.165912,2.430909
3.822551,324.390686,4.37692,15.420838,3.194283,2.413819
3.803873,325.983521,4.640096,15.441689,3.222101,2.396214
3.785377,327.576355,4.902859,15.454697,3.249354,2.378118
3.76706,329.169189,5.164878,15.459941,3.27603,2.359554
3.748919,330.762024,5.425818,15.457517,3.302117,2.340547
3.730952,332.354858,5.68537,15.447537,3.327606,2.321119
3.713156,333.947693,5.943222,15.430133,3.352489,2.301295
3.695529,335.540558,6.199079,15.40545,3.376758,2.2811
3.678069,337.133392,6.452658,15.373645,3.400409,2.260558
3.660773,338.726257,6.703688,15.334892,3.423436,2.239693
3.643639,340.319092,6.951914,15.289375,3.445836,2.218529
3.626665,341.911957,7.197096,15.237289,3.467607,2.19709
3.609848,343.504822,7.439001,15.178839,3.488748,2.175399
3.593186,345.097687,7.677423,15.114237,3.509259,2.15348
3.576677,346.690552,7.912161,15.043702,3.529141,2.131355
3.560319,348.283386,8.143029,14.967464,3.548395,2.109047
3.54411,349.876282,8.369868,14.885751,3.567026,2.086577
3.528048,351.469147,8.592523,14.798798,3.585036,2.063968
3.512131,353.061981,8.810852,14.706844,3.602431,2.041239
3.496357,354.654846,9.024742,14.610126,3.619216,2.018411
3.480724,356.247742,9.23408,14.508887,3.635397,1.995502
3.46523,357.840576,9.438773,14.403367,3.650981,1.972534
3.449874,359.433411,9.638741,14.293804,3.665976,1.949522
3.434653,361.026306,9.833922,14.180432,3.68039,1.926485
3.419566,362.619141,10.024258,14.063492,3.694231,1.90344
3.404611,364.211975,10.209708,13.943212,3.707509,1.880402
3.389786,365.80484,10.390244,13.819819,3.720232,1.857387
3.375089,367.397675,10.565845,13.69354,3.732412,1.834409
3.36052,368.990509,10.736503,13.564591,3.744058,1.811482
3.346076,370.583313,10.902221,13.433188,3.755181,1.788621
3.331756,372.176147,11.063009,13.299537,3.765791,1.765836
3.317557,373.768982,11.218887,13.163838,3.7759,1.743139
3.303479,375.361786,11.369884,13.026291,3.785519,1.720543
3.289521,376.95459,11.516031,12.887085,3.794658,1.698056
3.27568,378.547394,11.657373,12.746402,3.803329,1.67569
3.261955,380.140198,11.79396,12.604418,3.811544,1.653453
3.248344,381.732971,11.92584,12.461304,3.819314,1.631354
3.234847,383.325745,12.053077,12.317221,3.826649,1.6094
3.221461,384.918518,12.175735,12.172325,3.833563,1.587599
3.208186,386.511261,12.293879,12.026769,3.840066,1.565959
3.19502,388.104004,12.407582,11.88069,3.846169,1.544484
3.181961,389.696747,12.516922,11.734226,3.851883,1.52318
3.169009,391.28949,12.621973,11.587507,3.857219,1.502054
3.156162,392.882202,12.722818,11.440655,3.862189,1.48111
3.143419,394.474915,12.819538,11.293787,3.866803,1.460352
3.130779,396.067596,12.912219,11.147011,3.871072,1.439784
3.11824,397.660278,13.000944,11.000433,3.875005,1.419409
3.1058,399.25296,13.085802,10.85415,3.878614,1.39923
3.09346,400.845612,13.166879,10.708254,3.881908,1.379251
3.081218,402.438232,13.244263,10.562834,3.884898,1.359474
3.069072,404.030884,13.318044,10.417966,3.887592,1.339899
3.057022,405.623474,13.388308,10.273732,3.890001,1.320531
3.045066,407.216095,13.455145,10.1302,3.892134,1.301368
3.033204,408.808655,13.518641,9.987437,3.893999,1.282414
3.021433,410.401276,13.578885,9.845502,3.895606,1.263668
3.009754,411.993805,13.635962,9.70446,3.896962,1.245131
2.998165,413.586334,13.689958,9.564358,3.898077,1.226804
2.986665,415.178864,13.740958,9.425243,3.898959,1.208687
2.975252,416.771393,13.789047,9.287163,3.899616,1.190779
2.963927,418.363861,13.834305,9.150162,3.900054,1.173081
2.952688,419.95636,13.876815,9.014274,3.900283,1.155592
2.941534,421.548767,13.916655,8.879537,3.900309,1.138312
2.930464,423.141205,13.953905,8.745979,3.900139,1.12124
2.919477,424.733643,13.988644,8.61363,3.89978,1.104374
2.908572,426.326019,14.020944,8.482517,3.899239,1.087714
2.897749,427.918396,14.05088,8.352661,3.898523,1.07126
2.887006,429.510803,14.078527,8.224081,3.897637,1.055009
2.876342,431.103119,14.103953,8.0968,3.896587,1.03896
2.865757,432.695404,14.127229,7.970833,3.89538,1.023113
2.85525,434.287689,14.148422,7.84619,3.894022,1.007466
2.84482,435.879974,14.167599,7.722882,3.892518,0.992016
2.834466,437.472229,14.184823,7.600924,3.890872,0.976763
2.824187,439.064453,14.200158,7.480319,3.889092,0.961705
2.813982,440.656677,14.213666,7.361074,3.88718,0.94684
2.803851,442.24884,14.225405,7.243202,3.885143,0.932167
2.793793,443.841003,14.235435,7.126693,3.882985,0.917682
2.783807,445.433167,14.243811,7.011559,3.880711,0.903386
2.773893,447.025238,14.250588,6.897799,3.878324,0.889276
2.764048,448.61734,14.255821,6.785409,3.87583,0.875349
2.754274,450.209381,14.259562,6.674392,3.873232,0.861605
2.744569,451.801422,14.261861,6.564741,3.870534,0.848041
2.734932,453.393402,14.262767,6.456458,3.86774,0.834655
2.725362,454.985413,14.262327,6.349533,3.864854,0.821445
2.71586,456.577332,14.26059,6.243965,3.86188,0.80841
2.706423,458.169281,14.257598,6.139745,3.85882,0.795547
2.697052,459.761169,14.253397,6.03687,3.855679,0.782854
2.687747,461.353027,14.248028,5.935333,3.852458,0.770331
2.678505,462.944885,14.241533,5.835123,3.849163,0.757973
2.669326,464.536713,14.233952,5.736231,3.845795,0.74578
2.660211,466.128479,14.225323,5.638655,3.842357,0.733749
2.651158,467.720215,14.215684,5.54238,3.838853,0.72188
2.642166,469.311951,14.20507,5.447396,3.835285,0.710168
2.633235,470.903656,14.19352,5.353696,3.831655,0.698614
2.624365,472.4953,14.181065,5.261271,3.827967,0.687215
2.615554,474.086914,14.167739,5.170108,3.824222,0.675969
2.606803,475.678528,14.153575,5.080195,3.820423,0.664873
2.598109,477.270111,14.138602,4.991522,3.816572,0.653927
2.589475,478.861633,14.122853,4.904081,3.812672,0.643129
2.580897,480.453125,14.106357,4.817857,3.808725,0.632476
2.572376,482.044586,14.08914,4.73284,3.804732,0.621968
2.563911,483.636047,14.071232,4.649016,3.800696,0.611601
2.555503,485.227386,14.052659,4.566379,3.796618,0.601375
2.547149,486.818787,14.033445,4.484909,3.792501,0.591286
2.53885,488.410095,14.013618,4.404601,3.788347,0.581335
2.530605,490.001404,13.993201,4.325438,3.784156,0.57152
2.522414,491.592621,13.972219,4.247415,3.779931,0.561838
2.514275,493.183899,13.950691,4.17051,3.775674,0.552287
2.506189,494.775055,13.928644,4.094719,3.771385,0.542867
2.498156,496.366211,13.906096,4.020026,3.767067,0.533575
2.490174,497.957275,13.883069,3.946422,3.762722,0.524411
2.482242,499.548401,13.859582,3.87389,3.758349,0.515371
2.474361,501.139404,13.835657,3.802423,3.753952,0.506456
2.466531,502.730377,13.811312,3.732007,3.749531,0.497663
2.45875,504.32135,13.786564,3.662629,3.745087,0.488991
2.451018,505.912262,13.761432,3.594278,3.740622,0.480439
2.443335,507.503113,13.735932,3.526942,3.736137,0.472004
2.4357,509.093933,13.710083,3.460611,3.731633,0.463686
2.428112,510.684753,13.6839,3.395269,3.727112,0.455483
2.420573,512.275513,13.657399,3.33091,3.722574,0.447393
2.41308,513.866211,13.630594,3.267518,3.718021,0.439416
2.405633,515.456909,13.603502,3.205083,3.713454,0.43155
2.398232,517.047485,13.576137,3.143593,3.708873,0.423794
2.390877,518.638062,13.548511,3.083039,3.70428,0.416145
2.383568,520.228638,13.520639,3.023407,3.699675,0.408604
2.376302,521.819092,13.492536,2.964688,3.69506,0.401169
2.369082,523.409546,13.464211,2.906867,3.690436,0.393838
2.361905,524.999939,13.435678,2.849939,3.685803,0.38661
2.354772,526.590332,13.40695,2.793888,3.681163,0.379484
2.347682,528.180603,13.378037,2.738707,3.676515,0.37246
2.340634,529.770874,13.348952,2.684382,3.671862,0.365534
2.333629,531.361145,13.319705,2.630905,3.667203,0.358707
2.326667,532.951294,13.290307,2.578264,3.662539,0.351978
2.319746,534.541382,13.260769,2.526452,3.657873,0.345344
2.312865,536.13147,13.231099,2.475453,3.653203,0.338806
2.306026,537.721558,13.201309,2.425261,3.64853,0.332361
2.299228,539.311523,13.171407,2.375865,3.643856,0.32601
2.292469,540.901489,13.141403,2.327255,3.639182,0.31975
2.285751,542.491333,13.111306,2.279421,3.634507,0.31358
2.279072,544.081177,13.081124,2.232353,3.629832,0.307501
2.272432,545.671021,13.050866,2.186042,3.625159,0.30151
2.265831,547.260681,13.020541,2.14048,3.620487,0.295607
2.259268,548.850403,12.990155,2.095654,3.615817,0.28979
2.252743,550.440063,12.959718,2.051557,3.61115,0.284059
2.246256,552.029663,12.929235,2.008179,3.606487,0.278412
2.239807,553.619141,12.898716,1.965512,3.601828,0.272849
2.233395,555.208618,12.868165,1.923545,3.597173,0.267369
2.227019,556.798035,12.837592,1.882272,3.592523,0.261971
2.22068,558.387451,12.807002,1.84168,3.587878,0.256653
2.214378,559.976746,12.776402,1.801764,3.583241,0.251415
2.208111,561.56604,12.745798,1.762514,3.578609,0.246257
2.20188,563.155212,12.715197,1.723922,3.573984,0.241176
2.195684,564.744385,12.684604,1.685978,3.569367,0.236173
2.189523,566.333496,12.654024,1.648675,3.564758,0.231246
2.183396,567.922546,12.623465,1.612004,3.560157,0.226395
2.177305,569.511536,12.592931,1.575958,3.555565,0.221618
2.171247,571.100464,12.562427,1.540527,3.550983,0.216916
2.165223,572.689331,12.531959,1.505705,3.54641,0.212286
2.159232,574.278198,12.501531,1.471482,3.541847,0.207728
2.153275,575.866943,12.471148,1.437852,3.537295,0.203242
2.147351,577.455688,12.440817,1.404807,3.532754,0.198826
2.14146,579.044312,12.410541,1.372339,3.528224,0.19448
2.135601,580.632874,12.380323,1.34044,3.523705,0.190203
2.129774,582.221375,12.35017,1.309102,3.519199,0.185994
2.123979,583.809875,12.320084,1.278319,3.514705,0.181853
2.118216,585.398315,12.290069,1.248083,3.510224,0.177778
2.112484,586.986633,12.260131,1.218387,3.505756,0.173769
2.106784,588.57489,12.230272,1.189223,3.501302,0.169826
2.101114,590.163147,12.200497,1.160585,3.496861,0.165947
2.095475,591.751343,12.170808,1.132464,3.492434,0.162131
2.089866,593.339417,12.141211,1.104856,3.488022,0.158379
2.084288,594.927429,12.111707,1.077753,3.483624,0.154688
2.078739,596.515442,12.082299,1.051147,3.479241,0.15106
2.07322,598.103394,12.052993,1.025031,3.474874,0.147492
2.067731,599.691223,12.023789,0.999401,3.470522,0.143984
2.062271,601.278992,11.994693,0.974248,3.466186,0.140536
2.056839,602.866699,11.965705,0.949567,3.461866,0.137147
2.051437,604.454407,11.936829,0.92535,3.457562,0.133815
2.046063,606.041931,11.908069,0.901593,3.453275,0.130542
2.040717,607.629517,11.879425,0.878287,3.449005,0.127325
2.0354,609.216919,11.850902,0.855427,3.444752,0.124164
2.03011,610.804321,11.8225,0.833007,3.440517,0.121058
2.024848,612.391663,11.794224,0.81102,3.436299,0.118008
2.019613,613.978943,11.766073,0.789461,3.432099,0.115011
2.014406,615.566101,11.738053,0.768324,3.427917,0.112069
2.009225,617.153259,11.710163,0.747602,3.423753,0.109179
2.004072,618.740295,11.682408,0.727291,3.419608,0.106341
1.998945,620.327271,11.654787,0.707383,3.415481,0.103555
1.993844,621.914185,11.627303,0.687873,3.411373,0.100821
1.98877,623.501099,11.599958,0.668756,3.407285,0.098136
1.983721,625.08783,11.572754,0.650027,3.403215,0.095502
1.978698,626.674561,11.545692,0.631679,3.399166,0.092917
1.973701,628.261169,11.518776,0.613707,3.395135,0.09038
1.96873,629.847778,11.492003,0.596106,3.391125,0.087892
1.963783,631.434204,11.465379,0.57887,3.387135,0.085451
1.958862,633.02063,11.438903,0.561994,3.383164,0.083057
1.953965,634.606995,11.412577,0.545473,3.379215,0.08071
1.949093,636.193237,11.386401,0.529301,3.375285,0.078408
1.944246,637.779419,11.360379,0.513474,3.371376,0.076152
1.939422,639.365601,11.33451,0.497986,3.367488,0.07394
1.934623,640.95166,11.308795,0.482832,3.363621,0.071773
1.929848,642.537659,11.283237,0.468008,3.359775,0.069649
1.925097,644.123535,11.257835,0.453508,3.35595,0.067568
1.920369,645.709351,11.232592,0.439328,3.352146,0.065529
1.915664,647.295105,11.207507,0.425463,3.348364,0.063533
1.910983,648.880737,11.182583,0.411909,3.344604,0.061578
1.906325,650.46637,11.157818,0.398659,3.340865,0.059664
1.901689,652.05188,11.133215,0.38571,3.337148,0.05779
1.897076,653.637329,11.108773,0.373058,3.333452,0.055957
1.892486,655.222717,11.084496,0.360697,3.329779,0.054162
1.887918,656.807983,11.06038,0.348624,3.326128,0.052407
1.883373,658.393188,11.036429,0.336833,3.322499,0.05069
1.87885,659.978333,11.012643,0.325321,3.318892,0.04901
1.874348,661.563354,10.989021,0.314082,3.315308,0.047369
1.869868,663.148315,10.965566,0.303114,3.311746,0.045763
1.86541,664.733276,10.942276,0.292411,3.308206,0.044195
1.860973,666.318054,10.919153,0.28197,3.30469,0.042662
1.856558,667.902771,10.896196,0.271786,3.301195,0.041165
1.852163,669.487427,10.873407,0.261855,3.297724,0.039702
1.84779,671.07196,10.850786,0.252174,3.294276,0.038275
1.843437,672.656433,10.828332,0.242738,3.29085,0.036881
1.839105,674.240845,10.806046,0.233542,3.287447,0.03552
1.834794,675.825195,10.783927,0.224585,3.284067,0.034193
1.830503,677.409424,10.761978,0.215861,3.28071,0.032899
1.826232,678.99353,10.740197,0.207367,3.277377,0.031636
1.821982,680.577637,10.718584,0.199099,3.274066,0.030405
1.817751,682.16156,10.697141,0.191053,3.270779,0.029206
1.81354,683.745483,10.675865,0.183226,3.267514,0.028038
1.809349,685.329285,10.654758,0.175614,3.264274,0.026899
1.805178,686.913025,10.633821,0.168214,3.261056,0.025791
1.801026,688.496643,10.613052,0.161022,3.257862,0.024713
1.796893,690.0802,10.592452,0.154034,3.254691,0.023663
1.792779,691.663696,10.572021,0.147248,3.251543,0.022643
1.788684,693.247009,10.551758,0.140659,3.248419,0.02165
1.784608,694.830322,10.531663,0.134265,3.245318,0.020686
1.780551,696.413513,10.511736,0.128061,3.242241,0.019749
1.776513,697.996643,10.491979,0.122046,3.239187,0.018839
1.772493,699.579651,10.472388,0.116215,3.236157,0.017956
1.768492,701.162537,10.452966,0.110566,3.23315,0.017099
1.764508,702.745422,10.433711,0.105095,3.230166,0.016268
1.760543,704.328125,10.414624,0.099799,3.227207,0.015462
1.756596,705.910767,10.395703,0.094675,3.22427,0.014682
1.752667,707.493347,10.37695,0.089721,3.221358,0.013926
1.748755,709.075806,10.358364,0.084933,3.218468,0.013195
1.744861,710.658203,10.339944,0.080308,3.215602,0.012487
1.740985,712.24054,10.321689,0.075843,3.21276,0.011803
1.737126,713.822693,10.303601,0.071536,3.209942,0.011143
1.733284,715.404785,10.285678,0.067384,3.207146,0.010505
1.72946,716.986816,10.26792,0.063383,3.204375,0.00989
1.725653,718.568726,10.250328,0.059532,3.201627,0.009297
1.721862,720.150513,10.2329,0.055827,3.198902,0.008726
1.718089,721.7323,10.215635,0.052266,3.196201,0.008176
1.714332,723.313904,10.198535,0.048846,3.193524,0.007648
1.710592,724.895386,10.181599,0.045565,3.19087,0.00714
1.706868,726.476868,10.164825,0.04242,3.188239,0.006653
1.703161,728.058228,10.148214,0.039408,3.185632,0.006185
1.699469,729.639465,10.131766,0.036527,3.183049,0.005738
1.695795,731.220581,10.115481,0.033775,3.180489,0.00531
1.692136,732.801636,10.099358,0.031149,3.177952,0.004901
1.688493,734.382568,10.083396,0.028647,3.17544,0.004511
1.684866,735.96344,10.067595,0.026267,3.17295,0.004139
1.681255,737.544189,10.051955,0.024005,3.170484,0.003786
1.67766,739.124878,10.036476,0.02186,3.168042,0.00345
1.67408,740.705383,10.021158,0.01983,3.165623,0.003132
1.670516,742.285828,10.006001,0.017912,3.163228,0.002831
1.666966,743.866211,9.991002,0.016105,3.160856,0.002548
1.663433,745.446411,9.976165,0.014405,3.158508,0.00228
1.659914,747.02655,9.961487,0.012812,3.156183,0.00203
1.656411,748.606628,9.946969,0.011322,3.153882,0.001795
1.652922,750.186584,9.932611,0.009934,3.151605,0.001576
1.649449,751.766418,9.918411,0.008645,3.149351,0.001373
1.64599,753.34613,9.904372,0.007455,3.147121,0.001184
1.642546,754.925781,9.890493,0.00636,3.144916,0.001011
1.639116,756.50531,9.876774,0.005359,3.142734,0.000853
1.635701,758.084717,9.863215,0.00445,3.140576,0.000709
1.6323,759.664063,9.849818,0.003632,3.138442,0.000579
1.628914,761.243286,9.836582,0.002901,3.136333,0.000462
1.625542,762.822388,9.823509,0.002257,3.134248,0.00036
1.622184,764.401367,9.810599,0.001697,3.132188,0.000271
1.618841,765.980286,9.797854,0.00122,3.130152,0.000195
1.615511,767.559082,9.785276,0.000824,3.128143,0.000132
1.612195,769.137756,9.772868,0.000508,3.126159,0.000081
1.608893,770.71637,9.760633,0.000269,3.124201,0.000043
1.605604,772.2948,9.748576,0.000107,3.122271,0.000017
1.60233,773.873169,9.736706,0.000018,3.12037,0.000003
1.599069,775.451416,9.725045,0,3.1185,0
1.595821,777.029541,9.713606,0,3.116666,0
1.592587,778.607544,9.702353,0,3.11486,0
1.589366,780.185486,9.691268,0,3.11308,0
1.586158,781.763306,9.680343,0,3.111325,0
1.582963,783.341003,9.669567,0,3.109593,0
1.579782,784.918579,9.658937,0,3.107883,0
1.576613,786.496094,9.648444,0,3.106194,0
1.573457,788.073425,9.638085,0,3.104527,0
1.570315,789.650696,9.627856,0,3.102879,0
1.567184,791.227844,9.617753,0,3.10125,0
1.564067,792.80481,9.607772,0,3.099641,0
1.560962,794.381714,9.597908,0,3.098049,0
1.55787,795.958557,9.588161,0,3.096476,0
1.55479,797.535278,9.578526,0,3.094919,0
1.551723,799.111816,9.569,0,3.09338,0
1.548668,800.688293,9.559582,0,3.091857,0
1.545625,802.264587,9.550268,0,3.090351,0
1.542594,803.84082,9.541058,0,3.08886,0
1.539575,805.416931,9.531947,0,3.087385,0
1.536569,806.99292,9.522935,0,3.085925,0
1.533574,808.568726,9.514019,0,3.08448,0
1.530591,810.144531,9.505197,0,3.08305,0
1.52762,811.720154,9.496467,0,3.081634,0
1.524661,813.295654,9.487828,0,3.080232,0
1.521713,814.871033,9.479278,0,3.078844,0
1.518777,816.44635,9.470815,0,3.077469,0
1.515853,818.021484,9.462438,0,3.076108,0
1.51294,819.596497,9.454144,0,3.074759,0
1.510038,821.171509,9.445933,0,3.073424,0
1.507148,822.746216,9.437804,0,3.072101,0
1.504269,824.320923,9.429754,0,3.070791,0
1.501401,825.895508,9.421782,0,3.069492,0
1.498544,827.46991,9.413889,0,3.068206,0
1.495698,829.04425,9.406071,0,3.066932,0
1.492864,830.618347,9.398327,0,3.065669,0
1.49004,832.192505,9.390656,0,3.064418,0
1.487227,833.766418,9.383059,0,3.063178,0
1.484425,835.340149,9.375531,0,3.061949,0
1.481634,836.913879,9.368074,0,3.060731,0
1.478853,838.487427,9.360686,0,3.059524,0
1.476084,840.060852,9.353366,0,3.058327,0
1.473324,841.634155,9.346112,0,3.057141,0
1.470575,843.207336,9.338924,0,3.055965,0
1.467837,844.780396,9.331802,0,3.0548,0
1.465109,846.353333,9.324743,0,3.053644,0
1.462391,847.926147,9.317747,0,3.052498,0
1.459684,849.49884,9.310813,0,3.051363,0
1.456987,851.071411,9.30394,0,3.050236,0
1.4543,852.643738,9.297128,0,3.049119,0
1.451623,854.216003,9.290375,0,3.048012,0
1.448957,855.788208,9.28368,0,3.046913,0
1.4463,857.360229,9.277043,0,3.045824,0
1.443653,858.932129,9.270464,0,3.044744,0
1.441016,860.503906,9.263941,0,3.043672,0
1.438389,862.0755,9.257473,0,3.04261,0
1.435772,863.646973,9.25106,0,3.041556,0
1.433164,865.218384,9.244701,0,3.04051,0
1.430566,866.789673,9.238395,0,3.039473,0
1.427978,868.360718,9.232141,0,3.038444,0
1.425399,869.931763,9.225941,0,3.037423,0
1.42283,871.502563,9.21979,0,3.036411,0
1.42027,873.073242,9.213692,0,3.035406,0
1.41772,874.64386,9.207642,0,3.03441,0
1.415179,876.214233,9.201641,0,3.033421,0
1.412647,877.784546,9.19569,0,3.03244,0
1.410125,879.354675,9.189787,0,3.031466,0
1.407612,880.924683,9.18393,0,3.0305,0
1.405108,882.494629,9.178122,0,3.029541,0
1.402613,884.064331,9.172359,0,3.02859,0
1.400127,885.633972,9.166642,0,3.027646,0
1.39765,887.20343,9.160971,0,3.02671,0
1.395182,888.772766,9.155343,0,3.02578,0
1.392723,890.34198,9.14976,0,3.024857,0
1.390273,891.911011,9.14422,0,3.023941,0
1.387832,893.47998,9.138724,0,3.023032,0
1.385399,895.048706,9.13327,0,3.02213,0
1.382976,896.617371,9.127858,0,3.021235,0
1.380561,898.185913,9.122488,0,3.020346,0
1.378154,899.754272,9.117159,0,3.019463,0
1.375756,901.322449,9.111871,0,3.018588,0
1.373367,902.890503,9.106622,0,3.017718,0
1.370986,904.458496,9.101413,0,3.016855,0
1.368614,906.026245,9.096244,0,3.015998,0
1.36625,907.593933,9.091113,0,3.015147,0
1.363894,909.161438,9.08602,0,3.014303,0
1.361547,910.728821,9.080966,0,3.013464,0
1.359208,912.296021,9.075949,0,3.012632,0
1.356877,913.863098,9.070969,0,3.011805,0
1.354555,915.429993,9.066026,0,3.010984,0
1.35224,916.996765,9.061119,0,3.010169,0
1.349934,918.563354,9.056248,0,3.00936,0
1.347636,920.129883,9.051413,0,3.008557,0
1.345345,921.696289,9.046612,0,3.007759,0
1.343063,923.26239,9.041846,0,3.006966,0
1.340789,924.828491,9.037114,0,3.006179,0
1.338523,926.394409,9.032416,0,3.005398,0
1.336264,927.960144,9.027753,0,3.004622,0
1.334014,929.525757,9.023123,0,3.003851,0
1.331771,931.091187,9.018525,0,3.003086,0
1.329535,932.656555,9.01396,0,3.002326,0
1.327308,934.22168,9.009426,0,3.001571,0
1.325088,935.786621,9.004926,0,3.000821,0
1.322876,937.35144,9.000456,0,3.000076,0
1.320672,938.916199,8.996017,0,2.999336,0
1.318475,940.480774,8.991611,0,2.998601,0
1.316285,942.045105,8.987234,0,2.997872,0
1.314103,943.609375,8.982887,0,2.997147,0
1.311928,945.173523,8.978571,0,2.996426,0
1.309761,946.737427,8.974284,0,2.995711,0
1.307601,948.301147,8.970026,0,2.995,0
1.305449,949.864868,8.965797,0,2.994294,0
1.303304,951.428345,8.961598,0,2.993593,0
1.301166,952.991577,8.957427,0,2.992896,0
1.299035,954.55481,8.953284,0,2.992204,0
1.296911,956.117798,8.949169,0,2.991516,0
1.294795,957.680664,8.945082,0,2.990833,0
1.292686,959.243347,8.941022,0,2.990154,0
1.290583,960.805969,8.936989,0,2.98948,0
1.288488,962.368286,8.932983,0,2.98881,0
1.2864,963.930542,8.929004,0,2.988144,0
1.284319,965.492554,8.925051,0,2.987482,0
1.282244,967.054504,8.921124,0,2.986825,0
1.280177,968.616211,8.917222,0,2.986172,0
1.278116,970.177856,8.913347,0,2.985523,0
1.276062,971.739258,8.909496,0,2.984878,0
1.274016,973.300476,8.905672,0,2.984237,0
1.271975,974.861633,8.901872,0,2.9836,0
1.269942,976.422546,8.898096,0,2.982968,0
1.267915,977.983398,8.894344,0,2.982339,0
1.265895,979.544067,8.890617,0,2.981714,0
1.263882,981.104492,8.886914,0,2.981093,0
1.261875,982.664734,8.883235,0,2.980476,0
1.259875,984.224915,8.87958,0,2.979862,0
1.257881,985.784851,8.875947,0,2.979253,0
1.255894,987.344727,8.872337,0,2.978647,0
1.253913,988.904297,8.868751,0,2.978045,0
1.251939,990.463745,8.865187,0,2.977446,0
1.249971,992.023132,8.861645,0,2.976851,0
1.248009,993.582336,8.858126,0,2.97626,0
1.246054,995.141296,8.854629,0,2.975673,0
1.244105,996.700073,8.851153,0,2.975089,0
1.242163,998.258667,8.847699,0,2.974508,0
1.240227,999.8172,8.844267,0,2.973931,0
1.223788,1013.247437,8.815536,0,2.969097,0
1.219735,1016.613953,8.808564,0,2.967923,0
1.215708,1019.981628,8.801679,0,2.966762,0
1.211706,1023.350586,8.794878,0,2.965616,0
1.207729,1026.720581,8.788161,0,2.964483,0
1.203776,1030.091797,8.781526,0,2.963364,0
1.199848,1033.464111,8.774971,0,2.962258,0
1.195944,1036.837646,8.768496,0,2.961165,0
1.192064,1040.21228,8.762098,0,2.960084,0
1.188208,1043.588135,8.755777,0,2.959016,0
1.184376,1046.964966,8.749532,0,2.957961,0
1.180567,1050.342896,8.74336,0,2.956917,0
1.176781,1053.721924,8.737261,0,2.955886,0
1.173018,1057.102051,8.731234,0,2.954866,0
1.169278,1060.483154,8.725276,0,2.953858,0
1.165561,1063.865479,8.719389,0,2.952861,0
1.161866,1067.248779,8.713569,0,2.951875,0
1.158193,1070.633057,8.707817,0,2.950901,0
1.154542,1074.018555,8.70213,0,2.949937,0
1.150914,1077.405029,8.696508,0,2.948984,0
1.147306,1080.792358,8.690951,0,2.948042,0
1.143721,1084.180908,8.685456,0,2.94711,0
1.140156,1087.570313,8.680023,0,2.946188,0
1.136613,1090.960693,8.674652,0,2.945276,0
1.13309,1094.352173,8.66934,0,2.944374,0
1.129589,1097.744507,8.664087,0,2.943482,0
1.126108,1101.137939,8.658893,0,2.9426,0
1.122647,1104.532104,8.653755,0,2.941726,0
1.119207,1107.927368,8.648674,0,2.940863,0
1.115787,1111.323486,8.643649,0,2.940008,0
1.112386,1114.720581,8.638679,0,2.939163,0
1.109006,1118.118652,8.633761,0,2.938326,0
1.105645,1121.517578,8.628898,0,2.937499,0
1.102303,1124.917358,8.624086,0,2.936679,0
1.098981,1128.318115,8.619327,0,2.935869,0
1.095678,1131.719604,8.614617,0,2.935067,0
1.092394,1135.12207,8.609959,0,2.934273,0
1.089128,1138.525391,8.605349,0,2.933487,0
1.085881,1141.929443,8.600787,0,2.93271,0
1.082653,1145.334473,8.596274,0,2.93194,0
1.079443,1148.740356,8.591808,0,2.931179,0
1.076252,1152.146973,8.587389,0,2.930425,0
1.073078,1155.554443,8.583015,0,2.929678,0
1.069922,1158.962646,8.578687,0,2.92894,0
1.066784,1162.371826,8.574403,0,2.928208,0
1.063664,1165.781616,8.570163,0,2.927484,0
1.060561,1169.192139,8.565966,0,2.926767,0
1.057476,1172.603638,8.561812,0,2.926057,0
1.054408,1176.015747,8.5577,0,2.925355,0
1.051357,1179.428589,8.55363,0,2.924659,0
1.048322,1182.842163,8.549601,0,2.92397,0
1.045305,1186.256592,8.545612,0,2.923288,0
1.042304,1189.671631,8.541663,0,2.922612,0
1.03932,1193.087402,8.537753,0,2.921943,0
1.036353,1196.503906,8.533882,0,2.921281,0
1.033401,1199.921143,8.53005,0,2.920625,0
1.030466,1203.338989,8.526255,0,2.919975,0
1.027547,1206.757568,8.522497,0,2.919332,0
1.024644,1210.176636,8.518777,0,2.918694,0
1.021756,1213.596558,8.515092,0,2.918063,0
1.018885,1217.016968,8.511443,0,2.917438,0
1.016029,1220.438232,8.50783,0,2.916818,0
1.013188,1223.859985,8.504251,0,2.916205,0
1.010363,1227.282349,8.500707,0,2.915597,0
1.007552,1230.705322,8.497197,0,2.914995,0
1.004757,1234.128906,8.49372,0,2.914399,0
1.001977,1237.552979,8.490276,0,2.913808,0
0.999212,1240.977783,8.486865,0,2.913223,0
0.996462,1244.403076,8.483486,0,2.912642,0
0.993726,1247.828979,8.48014,0,2.912068,0
0.991005,1251.255493,8.476824,0,2.911499,0
0.988298,1254.682373,8.473539,0,2.910934,0
0.985605,1258.109985,8.470285,0,2.910376,0
0.982927,1261.537964,8.467062,0,2.909822,0
0.980263,1264.966553,8.463868,0,2.909273,0
0.977613,1268.39563,8.460704,0,2.908729,0
0.974977,1271.825195,8.457568,0,2.90819,0
0.972354,1275.255249,8.454462,0,2.907656,0
0.969746,1278.685791,8.451384,0,2.907126,0
0.967151,1282.116821,8.448334,0,2.906602,0
0.964569,1285.548218,8.445312,0,2.906082,0
0.962001,1288.980225,8.442317,0,2.905566,0
0.959446,1292.412476,8.439349,0,2.905056,0
0.956904,1295.845337,8.436408,0,2.90455,0
0.954376,1299.278564,8.433494,0,2.904048,0
0.95186,1302.712158,8.430605,0,2.90355,0
0.949358,1306.14624,8.427742,0,2.903057,0
0.946868,1309.580566,8.424905,0,2.902569,0
0.944391,1313.015381,8.422092,0,2.902084,0
0.941927,1316.450562,8.419305,0,2.901604,0
0.939475,1319.886108,8.416542,0,2.901128,0
0.937036,1323.322021,8.413803,0,2.900656,0
0.934609,1326.758301,8.411089,0,2.900188,0
0.932194,1330.194824,8.408398,0,2.899724,0
0.929792,1333.631836,8.40573,0,2.899264,0
0.927402,1337.069092,8.403086,0,2.898808,0
0.925023,1340.506592,8.400464,0,2.898355,0
0.922657,1343.944458,8.397865,0,2.897907,0
0.920303,1347.382568,8.395289,0,2.897463,0
0.91796,1350.821045,8.392735,0,2.897022,0
0.915629,1354.259766,8.390202,0,2.896585,0
0.91331,1357.69873,8.387691,0,2.896151,0
0.911002,1361.137939,8.385201,0,2.895721,0
0.908706,1364.577393,8.382733,0,2.895295,0
0.906421,1368.017212,8.380285,0,2.894872,0
0.904148,1371.457153,8.377858,0,2.894453,0
0.901886,1374.897217,8.375452,0,2.894037,0
0.899634,1378.337646,8.373065,0,2.893625,0
0.897394,1381.778198,8.370699,0,2.893216,0
0.895165,1385.218994,8.368352,0,2.89281,0
0.892947,1388.659912,8.366025,0,2.892408,0
0.89074,1392.101074,8.363717,0,2.892009,0
0.888543,1395.542236,8.361428,0,2.891613,0
0.886358,1398.983765,8.359159,0,2.891221,0
0.884183,1402.425293,8.356907,0,2.890831,0
0.882018,1405.867065,8.354674,0,2.890445,0
0.879864,1409.308838,8.352459,0,2.890062,0
0.87772,1412.750854,8.350263,0,2.889682,0
0.875587,1416.192871,8.348084,0,2.889305,0
0.873464,1419.63501,8.345923,0,2.888931,0
0.871351,1423.077393,8.34378,0,2.88856,0
0.869248,1426.519653,8.341653,0,2.888192,0
0.867156,1429.962036,8.339544,0,2.887827,0
0.865073,1433.404541,8.337452,0,2.887465,0
0.863001,1436.846924,8.335377,0,2.887105,0
0.860938,1440.289551,8.333318,0,2.886749,0
0.858885,1443.732178,8.331275,0,2.886395,0
0.856842,1447.174805,8.329248,0,2.886044,0
0.854808,1450.617432,8.327238,0,2.885695,0
0.852785,1454.060059,8.325244,0,2.88535,0
0.85077,1457.502686,8.323265,0,2.885007,0
0.848765,1460.945313,8.321302,0,2.884667,0
0.84677,1464.387939,8.319354,0,2.884329,0
0.844784,1467.830444,8.317422,0,2.883994,0
0.842808,1471.272949,8.315504,0,2.883662,0
0.84084,1474.715454,8.313601,0,2.883332,0
0.838882,1478.157837,8.311714,0,2.883004,0
0.836933,1481.60022,8.309841,0,2.882679,0
0.834993,1485.04248,8.307982,0,2.882357,0
0.833062,1488.484619,8.306138,0,2.882037,0
0.83114,1491.926636,8.304307,0,2.88172,0
0.829227,1495.368652,8.302491,0,2.881404,0
0.827323,1498.810547,8.300689,0,2.881092,0
0.825427,1502.252197,8.298901,0,2.880781,0
0.823541,1505.693848,8.297125,0,2.880473,0
0.821663,1509.135376,8.295363,0,2.880167,0
0.819793,1512.57666,8.293615,0,2.879864,0
0.817932,1516.017822,8.291881,0,2.879563,0
0.81608,1519.45874,8.290158,0,2.879264,0
0.814236,1522.899536,8.288449,0,2.878967,0
0.812401,1526.340088,8.286754,0,2.878672,0
0.810574,1529.780518,8.28507,0,2.87838,0
0.808755,1533.220703,8.283399,0,2.878089,0
0.806945,1536.660767,8.28174,0,2.877801,0
0.805142,1540.100464,8.280094,0,2.877515,0
0.803348,1543.539917,8.278461,0,2.877231,0
0.801562,1546.979248,8.276838,0,2.87695,0
0.799784,1550.418213,8.275229,0,2.87667,0
0.798014,1553.857056,8.27363,0,2.876392,0
0.796252,1557.295532,8.272044,0,2.876116,0
0.794498,1560.733643,8.270469,0,2.875842,0
0.792752,1564.171631,8.268906,0,2.875571,0
0.791013,1567.609131,8.267354,0,2.875301,0
0.789283,1571.046509,8.265813,0,2.875033,0
0.78756,1574.483521,8.264284,0,2.874767,0
0.785845,1577.920166,8.262765,0,2.874503,0
0.784137,1581.356445,8.261258,0,2.87424,0
0.782437,1584.792358,8.259761,0,2.87398,0
0.780744,1588.227905,8.258275,0,2.873722,0
0.779059,1591.663208,8.256801,0,2.873465,0
0.777382,1595.098022,8.255336,0,2.87321,0
0.775711,1598.532471,8.253881,0,2.872957,0
0.774049,1601.966553,8.252438,0,2.872706,0
0.772393,1605.400269,8.251004,0,2.872456,0
0.770745,1608.833618,8.24958,0,2.872208,0
0.769104,1612.266357,8.248167,0,2.871962,0
0.76747,1615.698853,8.246764,0,2.871718,0
0.765843,1619.130859,8.245371,0,2.871475,0
0.764223,1622.562378,8.243987,0,2.871234,0
0.762611,1625.993408,8.242613,0,2.870995,0
0.761005,1629.424072,8.241249,0,2.870758,0
0.759406,1632.854248,8.239894,0,2.870522,0
0.757815,1636.283813,8.238548,0,2.870287,0
0.75623,1639.712891,8.237212,0,2.870054,0
0.754652,1643.141602,8.235886,0,2.869823,0
0.753081,1646.569702,8.234568,0,2.869594,0
0.751516,1649.997314,8.233259,0,2.869366,0
0.749959,1653.424438,8.23196,0,2.869139,0
0.748408,1656.850952,8.230669,0,2.868914,0
0.746863,1660.276978,8.229388,0,2.868691,0
0.745326,1663.702393,8.228115,0,2.868469,0
0.743795,1667.127197,8.226851,0,2.868249,0
0.74227,1670.551392,8.225595,0,2.86803,0
0.740752,1673.974976,8.224348,0,2.867812,0
0.73924,1677.398071,8.223109,0,2.867596,0
0.737735,1680.820557,8.221879,0,2.867382,0
0.736236,1684.242432,8.220657,0,2.867169,0
0.734744,1687.663696,8.219444,0,2.866957,0
