Wavelength (nm),Energy (eV),e1,e2,n,k
211.341217,5.867289,-6.195093,9.595239,1.616521,2.967867
212.932571,5.82344,-6.231529,9.845193,1.646219,2.990245
214.523956,5.780241,-6.264057,10.099678,1.676375,3.012356
216.115387,5.737676,-6.292472,10.358689,1.706995,3.034189
217.706833,5.695733,-6.316567,10.622209,1.73808,3.055731
219.29834,5.654397,-6.336126,10.890219,1.769635,3.076968
220.889862,5.613657,-6.35093,11.162683,1.80166,3.097888
222.481415,5.573499,-6.360754,11.439562,1.834159,3.118476
224.072998,5.533911,-6.365367,11.720808,1.867133,3.138718
225.664627,5.49488,-6.364535,12.006366,1.900584,3.1586
227.256271,5.456395,-6.358019,12.296162,1.934511,3.178105
228.847977,5.418444,-6.345575,12.59012,1.968917,3.197219
230.439667,5.381018,-6.326958,12.888141,2.0038,3.215925
232.031418,5.344104,-6.301916,13.190127,2.03916,3.234206
233.623199,5.307692,-6.270197,13.495959,2.074995,3.252046
235.215012,5.271772,-6.231545,13.80551,2.111304,3.269427
236.806839,5.236335,-6.185707,14.118627,2.148084,3.286331
238.398712,5.201371,-6.132421,14.435159,2.185331,3.30274
239.990601,5.166869,-6.071432,14.754928,2.223041,3.318636
241.58252,5.132822,-6.002484,15.077744,2.26121,3.334
243.174469,5.09922,-5.92532,15.403403,2.299831,3.348812
244.766434,5.066054,-5.839687,15.731682,2.338898,3.363054
246.358429,5.033317,-5.745338,16.062342,2.378404,3.376706
247.95047,5.000999,-5.642025,16.39513,2.41834,3.389748
249.542511,4.969093,-5.529511,16.729765,2.458697,3.402161
251.134598,4.937592,-5.407562,17.065964,2.499464,3.413925
252.726685,4.906486,-5.275956,17.403406,2.540629,3.425019
254.318817,4.87577,-5.134475,17.741777,2.582182,3.435424
255.910965,4.845435,-4.982919,18.080721,2.624106,3.44512
257.503143,4.815475,-4.82109,18.419884,2.666389,3.454088
259.095337,4.785883,-4.648816,18.758877,2.709014,3.462307
260.687561,4.756652,-4.465927,19.097309,2.751964,3.46976
262.279816,4.727775,-4.272282,19.434761,2.795221,3.476427
263.872101,4.699246,-4.067745,19.770809,2.838766,3.482289
265.464386,4.67106,-3.852214,20.105,2.882578,3.48733
267.056702,4.643209,-3.625595,20.436876,2.926635,3.491531
268.649017,4.615688,-3.387823,20.765966,2.970916,3.494877
270.241364,4.588491,-3.138859,21.091778,3.015394,3.49735
271.83374,4.561612,-2.878677,21.413826,3.060047,3.498938
273.426117,4.535046,-2.607294,21.731594,3.104847,3.499624
275.018555,4.508787,-2.324739,22.044579,3.149768,3.499397
276.610992,4.48283,-2.031083,22.352249,3.194781,3.498244
278.20343,4.45717,-1.726424,22.654079,3.239857,3.496155
279.795898,4.431802,-1.410875,22.949554,3.284966,3.493119
281.388367,4.406721,-1.084605,23.238138,3.330077,3.489129
282.980896,4.381921,-0.747795,23.519306,3.375159,3.484178
284.573425,4.357399,-0.400666,23.792542,3.420179,3.47826
286.165955,4.33315,-0.043475,24.057322,3.465104,3.471371
287.758484,4.309169,0.323497,24.313148,3.5099,3.46351
289.351044,4.285452,0.699929,24.559523,3.554534,3.454675
290.943665,4.261994,1.085484,24.795971,3.598972,3.444868
292.536224,4.238791,1.479764,25.022018,3.643178,3.434092
294.128845,4.215839,1.88238,25.23723,3.68712,3.42235
295.721497,4.193135,2.29288,25.441175,3.730762,3.409649
297.314117,4.170673,2.710799,25.633451,3.774069,3.395997
298.906769,4.148451,3.135651,25.813688,3.817007,3.381404
300.499451,4.126463,3.566922,25.981535,3.859544,3.365881
302.092102,4.104708,4.004066,26.136673,3.901645,3.349443
303.684814,4.083181,4.446531,26.278814,3.943278,3.332103
305.277527,4.061878,4.893735,26.407701,3.98441,3.313878
306.870239,4.040796,5.345092,26.523119,4.025012,3.294788
308.462952,4.019931,5.799992,26.624876,4.065051,3.274851
310.055695,3.999282,6.257817,26.712826,4.1045,3.25409
311.648438,3.978842,6.717953,26.786858,4.143331,3.232527
313.24118,3.958611,7.179766,26.846891,4.181515,3.210187
314.833954,3.938584,7.642631,26.892895,4.219029,3.187095
316.426727,3.918759,8.105912,26.924862,4.255848,3.163278
318.019501,3.899132,8.568985,26.942833,4.291949,3.138764
319.612305,3.8797,9.031236,26.946882,4.327312,3.113582
321.205109,3.860462,9.492046,26.937115,4.361917,3.087761
322.797913,3.841413,9.950818,26.913677,4.395745,3.061333
324.390686,3.822551,10.406963,26.876747,4.428782,3.034328
325.983521,3.803873,10.859919,26.826532,4.461012,3.006777
327.576355,3.785377,11.309126,26.763275,4.492422,2.978713
329.169189,3.76706,11.754059,26.687243,4.523003,2.950169
330.762024,3.748919,12.194194,26.598734,4.552743,2.921177
332.354858,3.730952,12.629057,26.49807,4.581636,2.891769
333.947693,3.713156,13.058179,26.385593,4.609675,2.861979
335.540558,3.695529,13.481122,26.261671,4.636857,2.83184
337.133392,3.678069,13.897476,26.126688,4.663177,2.801383
338.726257,3.660773,14.306861,25.981045,4.688636,2.77064
340.319092,3.643639,14.708919,25.825157,4.713233,2.739644
341.911957,3.626665,15.103333,25.659449,4.736971,2.708424
343.504822,3.609848,15.489791,25.484364,4.759851,2.677012
345.097687,3.593186,15.868038,25.300339,4.78188,2.645438
346.690552,3.576677,16.237827,25.107832,4.803063,2.613731
348.283386,3.560319,16.598944,24.907297,4.823407,2.58192
349.876282,3.54411,16.95121,24.699186,4.842919,2.550031
351.469147,3.528048,17.294466,24.483959,4.86161,2.518092
353.061981,3.512131,17.628576,24.262074,4.879489,2.486129
354.654846,3.496357,17.953447,24.033974,4.896568,2.454165
356.247742,3.480724,18.26899,23.800112,4.912858,2.422227
357.840576,3.46523,18.575144,23.56093,4.928372,2.390336
359.433411,3.449874,18.871881,23.31686,4.943124,2.358515
361.026306,3.434653,19.159195,23.068321,4.957128,2.326783
362.619141,3.419566,19.437082,22.815737,4.970397,2.295162
364.211975,3.404611,19.705576,22.559507,4.982949,2.26367
365.80484,3.389786,19.964718,22.300028,4.994797,2.232326
367.397675,3.375089,20.214575,22.037678,5.005958,2.201145
368.990509,3.36052,20.455217,21.772831,5.016448,2.170145
370.583313,3.346076,20.686741,21.50584,5.026282,2.139339
372.176147,3.331756,20.909254,21.237047,5.035479,2.108742
373.768982,3.317557,21.122869,20.966784,5.044054,2.078366
375.361786,3.303479,21.327719,20.69536,5.052024,2.048225
376.95459,3.289521,21.523935,20.423088,5.059406,2.018329
378.547394,3.27568,21.71167,20.150248,5.066216,1.988688
380.140198,3.261955,21.891077,19.877111,5.072473,1.959312
381.732971,3.248344,22.062315,19.603947,5.078191,1.93021
383.325745,3.234847,22.225554,19.330996,5.083388,1.901389
384.918518,3.221461,22.380966,19.058489,5.08808,1.872857
386.511261,3.208186,22.528727,18.78665,5.092283,1.84462
388.104004,3.19502,22.669014,18.515684,5.096014,1.816683
389.696747,3.181961,22.802015,18.245781,5.099287,1.789052
391.28949,3.169009,22.927912,17.977131,5.102118,1.761732
392.882202,3.156162,23.04689,17.709896,5.104524,1.734726
394.474915,3.143419,23.159138,17.444241,5.106518,1.708037
396.067596,3.130779,23.264839,17.180307,5.108116,1.681668
397.660278,3.11824,23.364182,16.918234,5.109331,1.655621
399.25296,3.1058,23.457354,16.658144,5.110178,1.629898
400.845612,3.09346,23.544537,16.400156,5.110671,1.604501
402.438232,3.081218,23.625914,16.144377,5.110823,1.57943
404.030884,3.069072,23.70167,15.890894,5.110647,1.554685
405.623474,3.057022,23.77198,15.639808,5.110157,1.530267
407.216095,3.045066,23.837025,15.391191,5.109363,1.506175
408.808655,3.033204,23.896975,15.14512,5.108279,1.482409
410.401276,3.021433,23.952002,14.901649,5.106916,1.458968
411.993805,3.009754,24.002274,14.660851,5.105286,1.43585
413.586334,2.998165,24.047956,14.422767,5.103399,1.413055
415.178864,2.986665,24.089211,14.187438,5.101267,1.39058
416.771393,2.975252,24.126194,13.954904,5.098899,1.368423
418.363861,2.963927,24.159061,13.725203,5.096307,1.346583
419.95636,2.952688,24.187963,13.498356,5.0935,1.325057
421.548767,2.941534,24.213045,13.274391,5.090487,1.303843
423.141205,2.930464,24.234451,13.053318,5.087276,1.282938
424.733643,2.919477,24.252323,12.835151,5.083879,1.262339
426.326019,2.908572,24.266794,12.619905,5.080302,1.242043
427.918396,2.897749,24.277998,12.407577,5.076554,1.222047
429.510803,2.887006,24.286062,12.198169,5.072643,1.202348
431.103119,2.876342,24.291109,11.991685,5.068576,1.182944
432.695404,2.865757,24.293264,11.78812,5.064363,1.163831
434.287689,2.85525,24.292641,11.58746,5.060008,1.145004
435.879974,2.84482,24.289354,11.389693,5.055519,1.126461
437.472229,2.834466,24.283512,11.194814,5.050903,1.108199
439.064453,2.824187,24.275225,11.002799,5.046166,1.090214
440.656677,2.813982,24.264595,10.813633,5.041315,1.072501
442.24884,2.803851,24.251719,10.627307,5.036355,1.055059
443.841003,2.793793,24.236696,10.443783,5.031292,1.037883
445.433167,2.783807,24.219618,10.263049,5.026131,1.020969
447.025238,2.773893,24.200577,10.085082,5.020879,1.004314
448.61734,2.764048,24.179657,9.90985,5.015539,0.987915
450.209381,2.754274,24.156944,9.737333,5.010118,0.971767
451.801422,2.744569,24.132521,9.567498,5.004618,0.955867
453.393402,2.734932,24.106461,9.400322,4.999046,0.940212
454.985413,2.725362,24.078842,9.235769,4.993405,0.924797
456.577332,2.71586,24.049738,9.073816,4.9877,0.909619
458.169281,2.706423,24.019217,8.914427,4.981934,0.894675
459.761169,2.697052,23.987347,8.757575,4.976111,0.879962
461.353027,2.687747,23.954195,8.603229,4.970235,0.865475
462.944885,2.678505,23.919821,8.451352,4.964311,0.851211
464.536713,2.669326,23.884285,8.301912,4.95834,0.837167
466.128479,2.660211,23.847649,8.154885,4.952326,0.823339
467.720215,2.651158,23.809963,8.010231,4.946273,0.809724
469.311951,2.642166,23.771284,7.867916,4.940183,0.796318
470.903656,2.633235,23.731667,7.727911,4.934059,0.783119
472.4953,2.624365,23.691154,7.590184,4.927905,0.770123
474.086914,2.615554,23.649801,7.454701,4.921722,0.757327
475.678528,2.606803,23.607649,7.321426,4.915513,0.744727
477.270111,2.598109,23.564741,7.190327,4.90928,0.73232
478.861633,2.589475,23.521126,7.061378,4.903027,0.720104
480.453125,2.580897,23.476837,6.934539,4.896755,0.708075
482.044586,2.572376,23.431919,6.809782,4.890466,0.69623
483.636047,2.563911,23.386406,6.687071,4.884162,0.684567
485.227386,2.555503,23.340338,6.566381,4.877846,0.673082
486.818787,2.547149,23.293745,6.447671,4.871518,0.661772
488.410095,2.53885,23.246664,6.330919,4.865181,0.650635
490.001404,2.530605,23.199125,6.216088,4.858838,0.639668
491.592621,2.522414,23.151163,6.103154,4.852488,0.628869
493.183899,2.514275,23.1028,5.992076,4.846134,0.618233
494.775055,2.506189,23.054071,5.882834,4.839777,0.607759
496.366211,2.498156,23.005001,5.775393,4.833419,0.597444
497.957275,2.490174,22.955616,5.66973,4.827061,0.587286
499.548401,2.482242,22.905939,5.565805,4.820704,0.577281
501.139404,2.474361,22.855997,5.463601,4.814351,0.567429
502.730377,2.466531,22.805811,5.363084,4.808001,0.557725
504.32135,2.45875,22.755404,5.264226,4.801655,0.548168
505.912262,2.451018,22.704798,5.167002,4.795316,0.538755
507.503113,2.443335,22.654011,5.071383,4.788984,0.529484
509.093933,2.4357,22.603064,4.977345,4.78266,0.520353
510.684753,2.428112,22.551975,4.884859,4.776344,0.51136
512.275513,2.420573,22.500763,4.793902,4.770039,0.502501
513.866211,2.41308,22.449444,4.704446,4.763744,0.493776
515.456909,2.405633,22.398033,4.616467,4.757461,0.485182
517.047485,2.398232,22.346548,4.529942,4.75119,0.476717
518.638062,2.390877,22.295004,4.444845,4.744932,0.468378
520.228638,2.383568,22.243414,4.361153,4.738688,0.460165
521.819092,2.376302,22.191793,4.278843,4.732459,0.452074
523.409546,2.369082,22.140152,4.19789,4.726244,0.444104
524.999939,2.361905,22.088507,4.118275,4.720045,0.436254
526.590332,2.354772,22.036865,4.039971,4.713862,0.42852
528.180603,2.347682,21.985245,3.962962,4.707696,0.420902
529.770874,2.340634,21.933649,3.88722,4.701547,0.413398
531.361145,2.333629,21.882093,3.812729,4.695416,0.406005
532.951294,2.326667,21.830587,3.739465,4.689303,0.398723
534.541382,2.319746,21.779142,3.667413,4.68321,0.391549
536.13147,2.312865,21.727762,3.596546,4.677135,0.384482
537.721558,2.306026,21.67646,3.526848,4.671079,0.37752
539.311523,2.299228,21.625242,3.4583,4.665044,0.370661
540.901489,2.292469,21.574118,3.390882,4.659028,0.363904
542.491333,2.285751,21.523094,3.324575,4.653033,0.357248
544.081177,2.279072,21.472178,3.259362,4.647059,0.350691
545.671021,2.272432,21.421375,3.195225,4.641107,0.344231
547.260681,2.265831,21.370697,3.132147,4.635175,0.337867
548.850403,2.259268,21.320145,3.070108,4.629266,0.331598
550.440063,2.252743,21.269726,3.009092,4.623378,0.325421
552.029663,2.246256,21.219448,2.949084,4.617513,0.319337
553.619141,2.239807,21.169315,2.890068,4.61167,0.313343
555.208618,2.233395,21.119329,2.832025,4.605849,0.307438
556.798035,2.227019,21.069502,2.774942,4.600052,0.301621
558.387451,2.22068,21.019833,2.718801,4.594277,0.29589
559.976746,2.214378,20.970327,2.663589,4.588526,0.290245
561.56604,2.208111,20.920992,2.609291,4.582798,0.284683
563.155212,2.20188,20.871828,2.555892,4.577093,0.279205
564.744385,2.195684,20.82284,2.503376,4.571413,0.273808
566.333496,2.189523,20.774033,2.451731,4.565755,0.268491
567.922546,2.183396,20.725407,2.400942,4.560122,0.263254
569.511536,2.177305,20.67697,2.350998,4.554513,0.258095
571.100464,2.171247,20.628719,2.301881,4.548927,0.253014
572.689331,2.165223,20.580664,2.253582,4.543366,0.248008
574.278198,2.159232,20.532804,2.206087,4.537829,0.243077
575.866943,2.153275,20.48514,2.159382,4.532316,0.238221
577.455688,2.147351,20.437677,2.113456,4.526828,0.233437
579.044312,2.14146,20.390417,2.068299,4.521364,0.228725
580.632874,2.135601,20.343363,2.023896,4.515925,0.224084
582.221375,2.129774,20.296515,1.980235,4.51051,0.219513
583.809875,2.123979,20.249874,1.937306,4.50512,0.215012
585.398315,2.118216,20.203444,1.895097,4.499754,0.210578
586.986633,2.112484,20.157227,1.853599,4.494413,0.206211
588.57489,2.106784,20.111223,1.812799,4.489097,0.201911
590.163147,2.101114,20.065435,1.772687,4.483805,0.197677
591.751343,2.095475,20.019863,1.733252,4.478539,0.193506
593.339417,2.089866,19.974508,1.694485,4.473297,0.1894
594.927429,2.084288,19.929375,1.656375,4.468079,0.185356
596.515442,2.078739,19.884459,1.618912,4.462886,0.181375
598.103394,2.07322,19.839764,1.582087,4.457718,0.177455
599.691223,2.067731,19.795294,1.54589,4.452576,0.173595
601.278992,2.062271,19.751045,1.510313,4.447457,0.169795
602.866699,2.056839,19.70702,1.475345,4.442364,0.166054
604.454407,2.051437,19.663219,1.440977,4.437294,0.162371
606.041931,2.046063,19.619644,1.407203,4.43225,0.158746
607.629517,2.040717,19.576294,1.37401,4.427231,0.155177
609.216919,2.0354,19.533173,1.341393,4.422236,0.151665
610.804321,2.03011,19.490274,1.309342,4.417266,0.148207
612.391663,2.024848,19.447607,1.27785,4.412321,0.144805
613.978943,2.019613,19.405163,1.246906,4.4074,0.141456
615.566101,2.014406,19.362949,1.216506,4.402503,0.138161
617.153259,2.009225,19.320963,1.18664,4.397632,0.134918
618.740295,2.004072,19.279207,1.157301,4.392785,0.131728
620.327271,1.998945,19.237677,1.128481,4.387962,0.128588
621.914185,1.993844,19.196377,1.100173,4.383164,0.1255
623.501099,1.98877,19.155304,1.072369,4.37839,0.122462
625.08783,1.983721,19.114462,1.045064,4.373641,0.119473
626.674561,1.978698,19.073847,1.018248,4.368916,0.116533
628.261169,1.973701,19.033463,0.991917,4.364215,0.113642
629.847778,1.96873,18.993307,0.966063,4.359539,0.110799
631.434204,1.963783,18.953379,0.940679,4.354887,0.108003
633.02063,1.958862,18.913679,0.915759,4.35026,0.105253
634.606995,1.953965,18.87421,0.891297,4.345656,0.10255
636.193237,1.949093,18.834969,0.867285,4.341077,0.099893
637.779419,1.944246,18.795956,0.84372,4.336522,0.097281
639.365601,1.939422,18.75717,0.820593,4.33199,0.094713
640.95166,1.934623,18.718611,0.797898,4.327483,0.09219
642.537659,1.929848,18.680281,0.775631,4.323,0.08971
644.123535,1.925097,18.642179,0.753787,4.318541,0.087273
645.709351,1.920369,18.604303,0.732357,4.314106,0.084879
647.295105,1.915664,18.566654,0.711338,4.309694,0.082528
648.880737,1.910983,18.529234,0.690725,4.305307,0.080218
650.46637,1.906325,18.492039,0.67051,4.300943,0.077949
652.05188,1.901689,18.455069,0.650689,4.296604,0.075721
653.637329,1.897076,18.418325,0.631258,4.292287,0.073534
655.222717,1.892486,18.381807,0.612211,4.287995,0.071387
656.807983,1.887918,18.345514,0.593542,4.283727,0.069279
658.393188,1.883373,18.309446,0.575248,4.279481,0.06721
659.978333,1.87885,18.273602,0.557323,4.27526,0.06518
661.563354,1.874348,18.237982,0.539762,4.271062,0.063188
663.148315,1.869868,18.202585,0.522562,4.266888,0.061235
664.733276,1.86541,18.167412,0.505716,4.262738,0.059318
666.318054,1.860973,18.132463,0.48922,4.25861,0.057439
667.902771,1.856558,18.097736,0.473072,4.254507,0.055597
669.487427,1.852163,18.063231,0.457265,4.250426,0.05379
671.07196,1.84779,18.028948,0.441795,4.246369,0.05202
672.656433,1.843437,17.994886,0.426659,4.242336,0.050286
674.240845,1.839105,17.961046,0.411851,4.238326,0.048587
675.825195,1.834794,17.927425,0.397369,4.234339,0.046922
677.409424,1.830503,17.894028,0.383207,4.230376,0.045292
678.99353,1.826232,17.860847,0.369363,4.226436,0.043697
680.577637,1.821982,17.827888,0.355832,4.222519,0.042135
682.16156,1.817751,17.795151,0.342611,4.218625,0.040607
683.745483,1.81354,17.762629,0.329694,4.214755,0.039112
685.329285,1.809349,17.730328,0.31708,4.210908,0.03765
686.913025,1.805178,17.698244,0.304763,4.207084,0.03622
688.496643,1.801026,17.666378,0.292741,4.203283,0.034823
690.0802,1.796893,17.634731,0.281011,4.199506,0.033458
691.663696,1.792779,17.603302,0.269567,4.195752,0.032124
693.247009,1.788684,17.57209,0.258408,4.192021,0.030821
694.830322,1.784608,17.541094,0.247529,4.188313,0.02955
696.413513,1.780551,17.510315,0.236928,4.184628,0.028309
697.996643,1.776513,17.479753,0.226601,4.180967,0.027099
699.579651,1.772493,17.449408,0.216545,4.177329,0.025919
701.162537,1.768492,17.419279,0.206757,4.173714,0.024769
702.745422,1.764508,17.389364,0.197233,4.170123,0.023648
704.328125,1.760543,17.359667,0.187971,4.166554,0.022557
705.910767,1.756596,17.330185,0.178967,4.163009,0.021495
707.493347,1.752667,17.300919,0.170219,4.159488,0.020462
709.075806,1.748755,17.271868,0.161724,4.155989,0.019457
710.658203,1.744861,17.243031,0.153478,4.152514,0.01848
712.24054,1.740985,17.214411,0.145479,4.149062,0.017532
713.822693,1.737126,17.186005,0.137725,4.145634,0.016611
715.404785,1.733284,17.157816,0.130211,4.142229,0.015718
716.986816,1.72946,17.129841,0.122937,4.138848,0.014852
718.568726,1.725653,17.102081,0.115898,4.13549,0.014013
720.150513,1.721862,17.074537,0.109092,4.132156,0.0132
721.7323,1.718089,17.047207,0.102518,4.128845,0.012415
723.313904,1.714332,17.020094,0.096171,4.125558,0.011656
724.895386,1.710592,16.993198,0.09005,4.122295,0.010922
726.476868,1.706868,16.966516,0.084152,4.119056,0.010215
728.058228,1.703161,16.940052,0.078475,4.11584,0.009533
729.639465,1.699469,16.913803,0.073016,4.112649,0.008877
731.220581,1.695795,16.887772,0.067774,4.109482,0.008246
732.801636,1.692136,16.861959,0.062744,4.106339,0.00764
734.382568,1.688493,16.836365,0.057927,4.10322,0.007059
735.96344,1.684866,16.810987,0.053318,4.100125,0.006502
737.544189,1.681255,16.78583,0.048916,4.097055,0.00597
739.124878,1.67766,16.760891,0.044718,4.09401,0.005461
740.705383,1.67408,16.736174,0.040723,4.09099,0.004977
742.285828,1.670516,16.711679,0.036928,4.087995,0.004517
743.866211,1.666966,16.687405,0.033331,4.085024,0.00408
745.446411,1.663433,16.663357,0.029931,4.082079,0.003666
747.02655,1.659914,16.639532,0.026724,4.07916,0.003276
748.606628,1.656411,16.615932,0.02371,4.076265,0.002908
750.186584,1.652922,16.592562,0.020885,4.073398,0.002564
751.766418,1.649449,16.56942,0.018248,4.070556,0.002242
753.34613,1.64599,16.546509,0.015798,4.06774,0.001942
754.925781,1.642546,16.52383,0.013532,4.064952,0.001664
756.50531,1.639116,16.501389,0.011448,4.06219,0.001409
758.084717,1.635701,16.479183,0.009544,4.059456,0.001176
759.664063,1.6323,16.45722,0.007819,4.05675,0.000964
761.243286,1.628914,16.435499,0.006271,4.054072,0.000773
762.822388,1.625542,16.414028,0.004898,4.051423,0.000604
764.401367,1.622184,16.392809,0.003698,4.048803,0.000457
765.980286,1.618841,16.371849,0.002669,4.046214,0.00033
767.559082,1.615511,16.351152,0.001811,4.043656,0.000224
769.137756,1.612195,16.330727,0.00112,4.04113,0.000139
770.71637,1.608893,16.310585,0.000596,4.038637,0.000074
772.2948,1.605604,16.290741,0.000237,4.036179,0.000029
773.873169,1.60233,16.271215,0.000041,4.03376,0.000005
775.451416,1.599069,16.25206,0,4.031384,0
777.029541,1.595821,16.233311,0,4.029058,0
778.607544,1.592587,16.214888,0,4.026772,0
780.185486,1.589366,16.196756,0,4.024519,0
781.763306,1.586158,16.178898,0,4.0223,0
783.341003,1.582963,16.161295,0,4.020111,0
784.918579,1.579782,16.143934,0,4.017951,0
786.496094,1.576613,16.126808,0,4.01582,0
788.073425,1.573457,16.109905,0,4.013714,0
789.650696,1.570315,16.093218,0,4.011635,0
791.227844,1.567184,16.076738,0,4.009581,0
792.80481,1.564067,16.060463,0,4.007551,0
794.381714,1.560962,16.044382,0,4.005544,0
795.958557,1.55787,16.028492,0,4.00356,0
797.535278,1.55479,16.012789,0,4.001598,0
799.111816,1.551723,15.997265,0,3.999658,0
800.688293,1.548668,15.981917,0,3.997739,0
802.264587,1.545625,15.966743,0,3.995841,0
803.84082,1.542594,15.951735,0,3.993962,0
805.416931,1.539575,15.936893,0,3.992104,0
806.99292,1.536569,15.922211,0,3.990264,0
808.568726,1.533574,15.907685,0,3.988444,0
810.144531,1.530591,15.893314,0,3.986642,0
811.720154,1.52762,15.879094,0,3.984858,0
813.295654,1.524661,15.865022,0,3.983092,0
814.871033,1.521713,15.851093,0,3.981343,0
816.44635,1.518777,15.837308,0,3.979611,0
818.021484,1.515853,15.823662,0,3.977897,0
819.596497,1.51294,15.810152,0,3.976198,0
821.171509,1.510038,15.796777,0,3.974516,0
822.746216,1.507148,15.783534,0,3.97285,0
824.320923,1.504269,15.77042,0,3.971199,0
825.895508,1.501401,15.757434,0,3.969563,0
827.46991,1.498544,15.744573,0,3.967943,0
829.04425,1.495698,15.731834,0,3.966338,0
830.618347,1.492864,15.719218,0,3.964747,0
832.192505,1.49004,15.70672,0,3.963171,0
833.766418,1.487227,15.69434,0,3.961608,0
835.340149,1.484425,15.682075,0,3.96006,0
836.913879,1.481634,15.669922,0,3.958525,0
838.487427,1.478853,15.657882,0,3.957004,0
840.060852,1.476084,15.645951,0,3.955496,0
841.634155,1.473324,15.63413,0,3.954002,0
843.207336,1.470575,15.622414,0,3.95252,0
844.780396,1.467837,15.610804,0,3.951051,0
846.353333,1.465109,15.599297,0,3.949594,0
847.926147,1.462391,15.587891,0,3.94815,0
849.49884,1.459684,15.576587,0,3.946718,0
851.071411,1.456987,15.565381,0,3.945298,0
852.643738,1.4543,15.554273,0,3.943891,0
854.216003,1.451623,15.543262,0,3.942494,0
855.788208,1.448957,15.532345,0,3.94111,0
857.360229,1.4463,15.521521,0,3.939736,0
858.932129,1.443653,15.51079,0,3.938374,0
860.503906,1.441016,15.50015,0,3.937023,0
862.0755,1.438389,15.4896,0,3.935683,0
863.646973,1.435772,15.479138,0,3.934354,0
865.218384,1.433164,15.468764,0,3.933035,0
866.789673,1.430566,15.458476,0,3.931727,0
868.360718,1.427978,15.448273,0,3.930429,0
869.931763,1.425399,15.438154,0,3.929142,0
871.502563,1.42283,15.428118,0,3.927864,0
873.073242,1.42027,15.418164,0,3.926597,0
874.64386,1.41772,15.40829,0,3.925339,0
876.214233,1.415179,15.398497,0,3.924092,0
877.784546,1.412647,15.388782,0,3.922854,0
879.354675,1.410125,15.379145,0,3.921625,0
880.924683,1.407612,15.369585,0,3.920406,0
882.494629,1.405108,15.3601,0,3.919196,0
884.064331,1.402613,15.350691,0,3.917996,0
885.633972,1.400127,15.341355,0,3.916804,0
887.20343,1.39765,15.332093,0,3.915622,0
888.772766,1.395182,15.322904,0,3.914448,0
890.34198,1.392723,15.313785,0,3.913283,0
891.911011,1.390273,15.304736,0,3.912127,0
893.47998,1.387832,15.295757,0,3.910979,0
895.048706,1.385399,15.286848,0,3.90984,0
896.617371,1.382976,15.278007,0,3.908709,0
898.185913,1.380561,15.269232,0,3.907586,0
899.754272,1.378154,15.260524,0,3.906472,0
901.322449,1.375756,15.251882,0,3.905366,0
902.890503,1.373367,15.243305,0,3.904268,0
904.458496,1.370986,15.234792,0,3.903177,0
906.026245,1.368614,15.226342,0,3.902095,0
907.593933,1.36625,15.217956,0,3.90102,0
909.161438,1.363894,15.209631,0,3.899953,0
910.728821,1.361547,15.201368,0,3.898893,0
912.296021,1.359208,15.193166,0,3.897841,0
913.863098,1.356877,15.185023,0,3.896796,0
915.429993,1.354555,15.17694,0,3.895759,0
916.996765,1.35224,15.168916,0,3.894729,0
918.563354,1.349934,15.16095,0,3.893707,0
920.129883,1.347636,15.153041,0,3.892691,0
921.696289,1.345345,15.145189,0,3.891682,0
923.26239,1.343063,15.137394,0,3.89068,0
924.828491,1.340789,15.129653,0,3.889685,0
926.394409,1.338523,15.121968,0,3.888697,0
927.960144,1.336264,15.114338,0,3.887716,0
929.525757,1.334014,15.106761,0,3.886742,0
931.091187,1.331771,15.099237,0,3.885774,0
932.656555,1.329535,15.091767,0,3.884812,0
934.22168,1.327308,15.084349,0,3.883857,0
935.786621,1.325088,15.076982,0,3.882909,0
937.35144,1.322876,15.069667,0,3.881967,0
938.916199,1.320672,15.062402,0,3.881031,0
940.480774,1.318475,15.055187,0,3.880101,0
942.045105,1.316285,15.048022,0,3.879178,0
943.609375,1.314103,15.040906,0,3.878261,0
945.173523,1.311928,15.033838,0,3.877349,0
946.737427,1.309761,15.026819,0,3.876444,0
948.301147,1.307601,15.019847,0,3.875545,0
949.864868,1.305449,15.012922,0,3.874651,0
951.428345,1.303304,15.006044,0,3.873764,0
952.991577,1.301166,14.999212,0,3.872882,0
954.55481,1.299035,14.992427,0,3.872005,0
956.117798,1.296911,14.985686,0,3.871135,0
957.680664,1.294795,14.97899,0,3.87027,0
959.243347,1.292686,14.972339,0,3.869411,0
960.805969,1.290583,14.965731,0,3.868557,0
962.368286,1.288488,14.959167,0,3.867708,0
963.930542,1.2864,14.952646,0,3.866865,0
965.492554,1.284319,14.946169,0,3.866028,0
967.054504,1.282244,14.939734,0,3.865195,0
968.616211,1.280177,14.93334,0,3.864368,0
970.177856,1.278116,14.926988,0,3.863546,0
971.739258,1.276062,14.920677,0,3.862729,0
973.300476,1.274016,14.914407,0,3.861917,0
974.861633,1.271975,14.908177,0,3.861111,0
976.422546,1.269942,14.901987,0,3.860309,0
977.983398,1.267915,14.895837,0,3.859513,0
979.544067,1.265895,14.889726,0,3.858721,0
981.104492,1.263882,14.883654,0,3.857934,0
982.664734,1.261875,14.877621,0,3.857152,0
984.224915,1.259875,14.871625,0,3.856375,0
985.784851,1.257881,14.865668,0,3.855602,0
987.344727,1.255894,14.859748,0,3.854834,0
988.904297,1.253913,14.853866,0,3.854071,0
990.463745,1.251939,14.84802,0,3.853313,0
992.023132,1.249971,14.84221,0,3.852559,0
993.582336,1.248009,14.836436,0,3.85181,0
995.141296,1.246054,14.830698,0,3.851065,0
996.700073,1.244105,14.824997,0,3.850324,0
998.258667,1.242163,14.81933,0,3.849588,0
999.8172,1.240227,14.813698,0,3.848857,0
1013.247437,1.223788,14.766541,0,3.842726,0
1016.613953,1.219735,14.755095,0,3.841236,0
1019.981628,1.215708,14.743789,0,3.839764,0
1023.350586,1.211706,14.732621,0,3.83831,0
1026.720581,1.207729,14.721589,0,3.836872,0
1030.091797,1.203776,14.71069,0,3.835452,0
1033.464111,1.199848,14.699923,0,3.834048,0
1036.837646,1.195944,14.689283,0,3.83266,0
1040.21228,1.192064,14.678772,0,3.831289,0
1043.588135,1.188208,14.668384,0,3.829933,0
1046.964966,1.184376,14.658119,0,3.828592,0
1050.342896,1.180567,14.647975,0,3.827267,0
1053.721924,1.176781,14.63795,0,3.825957,0
1057.102051,1.173018,14.62804,0,3.824662,0
1060.483154,1.169278,14.618246,0,3.823381,0
1063.865479,1.165561,14.608565,0,3.822115,0
1067.248779,1.161866,14.598994,0,3.820863,0
1070.633057,1.158193,14.589534,0,3.819625,0
1074.018555,1.154542,14.58018,0,3.8184,0
1077.405029,1.150914,14.570932,0,3.817189,0
1080.792358,1.147306,14.56179,0,3.815991,0
1084.180908,1.143721,14.552749,0,3.814806,0
1087.570313,1.140156,14.543809,0,3.813635,0
1090.960693,1.136613,14.534969,0,3.812475,0
1094.352173,1.13309,14.526227,0,3.811329,0
1097.744507,1.129589,14.517581,0,3.810194,0
1101.137939,1.126108,14.50903,0,3.809072,0
1104.532104,1.122647,14.500572,0,3.807962,0
1107.927368,1.119207,14.492208,0,3.806863,0
1111.323486,1.115787,14.483932,0,3.805776,0
1114.720581,1.112386,14.475748,0,3.804701,0
1118.118652,1.109006,14.46765,0,3.803637,0
1121.517578,1.105645,14.45964,0,3.802583,0
1124.917358,1.102303,14.451715,0,3.801541,0
1128.318115,1.098981,14.443874,0,3.80051,0
1131.719604,1.095678,14.436116,0,3.799489,0
1135.12207,1.092394,14.42844,0,3.798479,0
1138.525391,1.089128,14.420845,0,3.797479,0
1141.929443,1.085881,14.413329,0,3.796489,0
1145.334473,1.082653,14.405891,0,3.795509,0
1148.740356,1.079443,14.398531,0,3.79454,0
1152.146973,1.076252,14.391247,0,3.79358,0
1155.554443,1.073078,14.384037,0,3.792629,0
1158.962646,1.069922,14.376902,0,3.791688,0
1162.371826,1.066784,14.369839,0,3.790757,0
1165.781616,1.063664,14.362848,0,3.789835,0
1169.192139,1.060561,14.355928,0,3.788922,0
1172.603638,1.057476,14.349079,0,3.788018,0
1176.015747,1.054408,14.342299,0,3.787123,0
1179.428589,1.051357,14.335586,0,3.786236,0
1182.842163,1.048322,14.328939,0,3.785359,0
1186.256592,1.045305,14.32236,0,3.784489,0
1189.671631,1.042304,14.315846,0,3.783629,0
1193.087402,1.03932,14.309397,0,3.782776,0
1196.503906,1.036353,14.30301,0,3.781932,0
1199.921143,1.033401,14.296686,0,3.781096,0
1203.338989,1.030466,14.290424,0,3.780268,0
1206.757568,1.027547,14.284224,0,3.779448,0
1210.176636,1.024644,14.278084,0,3.778635,0
1213.596558,1.021756,14.272002,0,3.77783,0
1217.016968,1.018885,14.26598,0,3.777033,0
1220.438232,1.016029,14.260015,0,3.776243,0
1223.859985,1.013188,14.254108,0,3.775461,0
1227.282349,1.010363,14.248257,0,3.774686,0
1230.705322,1.007552,14.242462,0,3.773919,0
1234.128906,1.004757,14.236721,0,3.773158,0
1237.552979,1.001977,14.231035,0,3.772404,0
1240.977783,0.999212,14.225403,0,3.771658,0
1244.403076,0.996462,14.219823,0,3.770918,0
1247.828979,0.993726,14.214295,0,3.770185,0
1251.255493,0.991005,14.20882,0,3.769459,0
1254.682373,0.988298,14.203395,0,3.768739,0
1258.109985,0.985605,14.19802,0,3.768026,0
1261.537964,0.982927,14.192695,0,3.767319,0
1264.966553,0.980263,14.187419,0,3.766619,0
1268.39563,0.977613,14.182192,0,3.765925,0
1271.825195,0.974977,14.177011,0,3.765237,0
1275.255249,0.972354,14.171879,0,3.764556,0
1278.685791,0.969746,14.166793,0,3.76388,0
1282.116821,0.967151,14.161753,0,3.763211,0
1285.548218,0.964569,14.156758,0,3.762547,0
1288.980225,0.962001,14.151809,0,3.761889,0
1292.412476,0.959446,14.146904,0,3.761237,0
1295.845337,0.956904,14.142043,0,3.760591,0
1299.278564,0.954376,14.137225,0,3.75995,0
1302.712158,0.95186,14.13245,0,3.759315,0
1306.14624,0.949358,14.127718,0,3.758686,0
1309.580566,0.946868,14.123027,0,3.758062,0
1313.015381,0.944391,14.118378,0,3.757443,0
1316.450562,0.941927,14.113769,0,3.75683,0
1319.886108,0.939475,14.1092,0,3.756222,0
1323.322021,0.937036,14.104672,0,3.755619,0
1326.758301,0.934609,14.100183,0,3.755021,0
1330.194824,0.932194,14.095734,0,3.754429,0
1333.631836,0.929792,14.091322,0,3.753841,0
1337.069092,0.927402,14.086949,0,3.753258,0
1340.506592,0.925023,14.082613,0,3.752681,0
1343.944458,0.922657,14.078315,0,3.752108,0
1347.382568,0.920303,14.074053,0,3.75154,0
1350.821045,0.91796,14.069828,0,3.750977,0
1354.259766,0.915629,14.065639,0,3.750418,0
1357.69873,0.91331,14.061484,0,3.749865,0
1361.137939,0.911002,14.057365,0,3.749315,0
1364.577393,0.908706,14.053281,0,3.748771,0
1368.017212,0.906421,14.049232,0,3.74823,0
1371.457153,0.904148,14.045216,0,3.747695,0
1374.897217,0.901886,14.041234,0,3.747163,0
1378.337646,0.899634,14.037285,0,3.746636,0
1381.778198,0.897394,14.033368,0,3.746114,0
1385.218994,0.895165,14.029485,0,3.745595,0
1388.659912,0.892947,14.025633,0,3.745081,0
1392.101074,0.89074,14.021813,0,3.744571,0
1395.542236,0.888543,14.018025,0,3.744065,0
1398.983765,0.886358,14.014268,0,3.743563,0
1402.425293,0.884183,14.010541,0,3.743066,0
1405.867065,0.882018,14.006845,0,3.742572,0
1409.308838,0.879864,14.003179,0,3.742082,0
1412.750854,0.87772,13.999542,0,3.741596,0
1416.192871,0.875587,13.995935,0,3.741114,0
1419.63501,0.873464,13.992357,0,3.740636,0
1423.077393,0.871351,13.988809,0,3.740162,0
1426.519653,0.869248,13.985288,0,3.739691,0
1429.962036,0.867156,13.981795,0,3.739224,0
1433.404541,0.865073,13.978331,0,3.738761,0
1436.846924,0.863001,13.974895,0,3.738301,0
1440.289551,0.860938,13.971484,0,3.737845,0
1443.732178,0.858885,13.968102,0,3.737392,0
1447.174805,0.856842,13.964746,0,3.736943,0
1450.617432,0.854808,13.961416,0,3.736498,0
1454.060059,0.852785,13.958114,0,3.736056,0
1457.502686,0.85077,13.954836,0,3.735617,0
1460.945313,0.848765,13.951584,0,3.735182,0
1464.387939,0.84677,13.948358,0,3.73475,0
1467.830444,0.844784,13.945156,0,3.734321,0
1471.272949,0.842808,13.94198,0,3.733896,0
1474.715454,0.84084,13.938828,0,3.733474,0
1478.157837,0.838882,13.935701,0,3.733055,0
1481.60022,0.836933,13.932597,0,3.73264,0
1485.04248,0.834993,13.929518,0,3.732227,0
1488.484619,0.833062,13.926462,0,3.731817,0
1491.926636,0.83114,13.923429,0,3.731411,0
1495.368652,0.829227,13.92042,0,3.731008,0
1498.810547,0.827323,13.917434,0,3.730608,0
1502.252197,0.825427,13.91447,0,3.73021,0
1505.693848,0.823541,13.911529,0,3.729816,0
1509.135376,0.821663,13.908609,0,3.729425,0
1512.57666,0.819793,13.905712,0,3.729036,0
1516.017822,0.817932,13.902837,0,3.728651,0
1519.45874,0.81608,13.899982,0,3.728268,0
1522.899536,0.814236,13.89715,0,3.727888,0
1526.340088,0.812401,13.894339,0,3.727511,0
1529.780518,0.810574,13.891548,0,3.727137,0
1533.220703,0.808755,13.888779,0,3.726765,0
1536.660767,0.806945,13.886029,0,3.726396,0
1540.100464,0.805142,13.8833,0,3.72603,0
1543.539917,0.803348,13.880591,0,3.725667,0
1546.979248,0.801562,13.877903,0,3.725306,0
1550.418213,0.799784,13.875234,0,3.724947,0
1553.857056,0.798014,13.872584,0,3.724592,0
1557.295532,0.796252,13.869954,0,3.724239,0
1560.733643,0.794498,13.867343,0,3.723888,0
1564.171631,0.792752,13.864751,0,3.72354,0
1567.609131,0.791013,13.862178,0,3.723195,0
1571.046509,0.789283,13.859623,0,3.722852,0
1574.483521,0.78756,13.857087,0,3.722511,0
1577.920166,0.785845,13.854569,0,3.722172,0
1581.356445,0.784137,13.852069,0,3.721837,0
1584.792358,0.782437,13.849587,0,3.721503,0
1588.227905,0.780744,13.847123,0,3.721172,0
1591.663208,0.779059,13.844677,0,3.720844,0
1595.098022,0.777382,13.842248,0,3.720517,0
1598.532471,0.775711,13.839836,0,3.720193,0
1601.966553,0.774049,13.837441,0,3.719871,0
1605.400269,0.772393,13.835064,0,3.719552,0
1608.833618,0.770745,13.832703,0,3.719234,0
1612.266357,0.769104,13.830359,0,3.718919,0
1615.698853,0.76747,13.828031,0,3.718606,0
1619.130859,0.765843,13.825719,0,3.718295,0
1622.562378,0.764223,13.823424,0,3.717987,0
1625.993408,0.762611,13.821145,0,3.71768,0
1629.424072,0.761005,13.818881,0,3.717376,0
1632.854248,0.759406,13.816634,0,3.717073,0
1636.283813,0.757815,13.814402,0,3.716773,0
1639.712891,0.75623,13.812185,0,3.716475,0
1643.141602,0.754652,13.809984,0,3.716179,0
1646.569702,0.753081,13.807798,0,3.715884,0
1649.997314,0.751516,13.805627,0,3.715592,0
1653.424438,0.749959,13.803471,0,3.715302,0
1656.850952,0.748408,13.80133,0,3.715014,0
1660.276978,0.746863,13.799203,0,3.714728,0
1663.702393,0.745326,13.797091,0,3.714443,0
1667.127197,0.743795,13.794993,0,3.714161,0
1670.551392,0.74227,13.79291,0,3.713881,0
1673.974976,0.740752,13.79084,0,3.713602,0
1677.398071,0.73924,13.788785,0,3.713325,0
1680.820557,0.737735,13.786743,0,3.71305,0
1684.242432,0.736236,13.784716,0,3.712777,0
1687.663696,0.734744,13.782701,0,3.712506,0
